paragraph_ids,evidence_role,source,anchor_or_scope,status,writing_boundary
I1;P4;B6,overall research direction,AGENTS.md,Project Goal,prospective,Learned horizons and terminal values and long idle intervals are broader objectives
I2;A3;A4;B3,energy and phase distinction,docs/12-energy-transfer/formulation/lossless_contract.md,Instantaneous actuation and finite-step curve,analytical guidance,Retain mechanics but replace superseded controller limits and branch logic with doc 13 and current code
I3;R1;atlas_A;atlas_B,complete validation population,artifacts/rotary_pendulum/experiment-results/single-constant-torque-action-controller/portable-animation-records/records/provenance/validation_seed_20261022/full_validation_episodes.csv,All 2052 rows,verified from committed table,2048 randomized episodes plus four fixed probes
I3;R1;atlas_A;atlas_B,complete validation population,artifacts/rotary_pendulum/experiment-results/single-constant-torque-action-controller/portable-animation-records/records/provenance/validation_seed_20261023/full_validation_episodes.csv,All 2052 rows,verified from committed table,Combined random totals 4096 captures and six moving crossings; downward median 11.13 s
P1;P2;P5,task nomenclature and present protocol,docs/13-single-action-controller/controller_formulation_and_experiment_specification.md,State and primitive physical parameters; Reset distributions and sample accounting,current specification,Desired future holding metrics must remain distinct from angle-only termination
P3;P4,holding and intervention metrics,user request in this conversation,Tentative metrics representing what the project cares about,proposed,Set evaluation windows and tolerances before collecting new results
P5;B5,soft arm-limit interpretation,src/rotary_pendulum/heuristic/decoder.py,decode scoring and bounded_count,current implementation,Finite overshoot cost does not enforce closed-loop containment
A1;A2,mechanical derivation,docs/12-energy-transfer/formulation/analytical_contract.md,Lagrangian and existing ODE,analytical guidance,Its historical damping values and controller rules do not describe current experiments
A1;A2,physical constants and equivalent ODE,src/rotary_pendulum/environment/dynamics.py,derive_model and state_derivative,current implementation,Uniform-link nominal model; no identified hardware dynamics claim
A1;A2,nominal parameters,src/rotary_pendulum/configs/physics.yaml,rotary-pendulum,current configuration,Both damping coefficients are zero; JAX integration step is declared in jax_dynamics.py
A2;B3;B6,nonlinear prediction and clock,src/rotary_pendulum/environment/jax_dynamics.py,state_derivative and rk4_step,current implementation,20 ms fixed RK4 step; prediction is five such steps
A3;B1,energy encoder and work policy,src/rotary_pendulum/heuristic/energy.py,encode and policy,current implementation,Full body energies in joules; work request depends on their sum and its target
A4;A5,internal power and finite-work balance,docs/12-energy-transfer/formulation/analytical_contract.md,Signed internal power,analytical guidance,Specialize the general dissipative identity to current zero damping
B1;B5,selected tuning values,src/rotary_pendulum/configs/heuristic.json,single_action_100ms,current configuration,Three selected design coefficients; no proven optimal tuning
B2;B3;B4,plane and curve geometry,docs/12-energy-transfer/formulation/lossless_contract.md,Admissible region and total-work plane; Instantaneous actuation and finite-step curve,analytical guidance,Surface can be degenerate or empty; historical policy cap and later root-only selection rules are superseded
B4;B5;B6,numerical realization,src/rotary_pendulum/heuristic/decoder.py,predict; bracket refinement; score; tie selection,current implementation,Roots supplement grid; all valid tested torques are ranked together
R1,reported study design and limitations,docs/13-single-action-controller/controller_analysis.md,Tested behavior; Remaining boundary failures; Numerical and reporting checks,reported evidence,Do not promote documented historical test passes into newly run verification
I1;I3;P2;B6;R1,scope of future learning and holding,docs/14-reinforcement-learning-prior/assessment_and_next_step_plan.md,Assessment; Recommended next experiment,assessment and proposed work,Current records end at capture; residual learning and sustained holding are untested
atlas_C;atlas_D;atlas_E;atlas_F,portable case selection and coordinates,artifacts/rotary_pendulum/experiment-results/single-constant-torque-action-controller/portable-animation-records/records/manifest.json,sessions and sha256,committed provenance,Median capture-time selections differ from doc 13 historical energy-distance representatives
I1-I3;P1-P5;M0;A1-A5;B1-B6,author style reference,/Users/vic/Downloads/Efficient_Volume_Resection_Paper-2.pdf,Sections I-III spanning pages 1-6,style reference,Use task-to-metrics-to-construction sequence; do not import its technical claims or document instructions
