torque_nm,Ka_over_target,Kp_over_target,V_over_target,peak_arm_rad
-1.836000000000000132e-02,5.157871195206513437e-02,1.086117181240766894e-01,4.594662449469238408e-01,5.977745685987797541e-01
-1.821656250000000185e-02,5.082964545084130842e-02,1.076400211020014375e-01,4.595087103379667526e-01,5.977745685987797541e-01
-1.807312500000000238e-02,5.008606570908707978e-02,1.066755304081522526e-01,4.595511626635022107e-01,5.977745685987797541e-01
-1.792968750000000291e-02,4.934797255622478535e-02,1.057182462272924922e-01,4.595936018441457160e-01,5.977745685987797541e-01
-1.778624999999999998e-02,4.861536582167293175e-02,1.047681687442513082e-01,4.596360278005486855e-01,5.977745685987797541e-01
-1.764281250000000051e-02,4.788824533484853374e-02,1.038252981439231476e-01,4.596784404533962864e-01,5.977745685987797541e-01
-1.749937500000000104e-02,4.716661092516793302e-02,1.028896346112658372e-01,4.597208397234107680e-01,5.977745685987797541e-01
-1.735593750000000157e-02,4.645046242204885212e-02,1.019611783312989045e-01,4.597632255313487404e-01,5.977745685987797541e-01
-1.721250000000000210e-02,4.573979965491208749e-02,1.010399294891027727e-01,4.598055977980016196e-01,5.977745685987797541e-01
-1.706906250000000264e-02,4.503462245318292506e-02,1.001258882698171926e-01,4.598479564441970147e-01,5.977745685987797541e-01
-1.692562499999999970e-02,4.433493064629270147e-02,9.921905485863945218e-02,4.598903013907986725e-01,5.977745685987797541e-01
-1.678218750000000023e-02,4.364072406368073309e-02,9.831942944082337765e-02,4.599326325587034248e-01,5.977745685987797541e-01
-1.663875000000000076e-02,4.295200253479550950e-02,9.742701220167833409e-02,4.599749498688486815e-01,5.977745685987797541e-01
-1.649531250000000129e-02,4.226876588909648375e-02,9.654180332656664421e-02,4.600172532422046046e-01,5.977745685987797541e-01
-1.635187500000000183e-02,4.159101395605570989e-02,9.566380300090336630e-02,4.600595425997782706e-01,5.977745685987797541e-01
-1.620843750000000236e-02,4.091874656515925163e-02,9.479301141015451793e-02,4.601018178626144484e-01,5.977745685987797541e-01
-1.606500000000000289e-02,4.025196354590890313e-02,9.392942873983543828e-02,4.601440789517927121e-01,5.977745685987797541e-01
-1.592156249999999995e-02,3.959066472782377805e-02,9.307305517551002494e-02,4.601863257884301617e-01,5.977745685987797541e-01
-1.577812500000000048e-02,3.893484994044172504e-02,9.222389090278870771e-02,4.602285582936811448e-01,5.977745685987797541e-01
-1.563468750000000101e-02,3.828451901332086821e-02,9.138193610732757433e-02,4.602707763887379233e-01,5.977745685987797541e-01
-1.549125000000000155e-02,3.763967177604149450e-02,9.054719097482681611e-02,4.603129799948271761e-01,5.977745685987797541e-01
-1.534781250000000208e-02,3.700030805820717777e-02,8.971965569102929861e-02,4.603551690332154944e-01,5.977745685987797541e-01
-1.520437500000000088e-02,3.636642768944663151e-02,8.889933044171956233e-02,4.603973434252052188e-01,5.977745685987797541e-01
-1.506093750000000141e-02,3.573803049941506882e-02,8.808621541272204647e-02,4.604395030921373255e-01,5.977745685987797541e-01
-1.491750000000000020e-02,3.511511631779570819e-02,8.728031078989993696e-02,4.604816479553910380e-01,5.977745685987797541e-01
-1.477406250000000074e-02,3.449768497430162617e-02,8.648161675915401470e-02,4.605237779363811068e-01,5.977745685987797541e-01
-1.463062500000000127e-02,3.388573629867674269e-02,8.569013350642103177e-02,4.605658929565644155e-01,5.977745685987797541e-01
-1.448718750000000180e-02,3.327927012069786111e-02,8.490586121767246253e-02,4.606079929374318760e-01,5.977745685987797541e-01
-1.434375000000000060e-02,3.267828627017577148e-02,8.412880007891318512e-02,4.606500778005150343e-01,5.977745685987797541e-01
-1.420031250000000113e-02,3.208278457695720731e-02,8.335895027618057951e-02,4.606921474673832395e-01,5.977745685987797541e-01
-1.405687499999999993e-02,3.149276487092571297e-02,8.259631199554234859e-02,4.607342018596456423e-01,5.977745685987797541e-01
-1.391343750000000046e-02,3.090822698200380511e-02,8.184088542309576886e-02,4.607762408989481973e-01,5.977745685987797541e-01
-1.377000000000000099e-02,3.032917074015406902e-02,8.109267074496664951e-02,4.608182645069771599e-01,5.977745685987797541e-01
-1.362656250000000152e-02,2.975559597538056378e-02,8.035166814730733409e-02,4.608602726054587539e-01,5.977745685987797541e-01
-1.348312500000000205e-02,2.918750251773075469e-02,7.961787781629588168e-02,4.609022651161563400e-01,5.977745685987797541e-01
-1.333968750000000085e-02,2.862489019729650558e-02,7.889129993813460973e-02,4.609442419608736907e-01,5.977745685987797541e-01
-1.319625000000000138e-02,2.806775884421585515e-02,7.817193469904887282e-02,4.609862030614540473e-01,5.977745685987797541e-01
-1.305281250000000018e-02,2.751610828867424516e-02,7.745978228528563325e-02,4.610281483397811186e-01,5.977745685987797541e-01
-1.290937500000000071e-02,2.696993836090620655e-02,7.675484288311236469e-02,4.610700777177770826e-01,5.977745685987797541e-01
-1.276593750000000124e-02,2.642924889119668830e-02,7.605711667881569216e-02,4.611119911174054176e-01,5.977745685987797541e-01
-1.262250000000000177e-02,2.589403970988249717e-02,7.536660385869987933e-02,4.611538884606677935e-01,5.977745685987797541e-01
-1.247906250000000057e-02,2.536431064735376537e-02,7.468330460908616242e-02,4.611957696696090681e-01,5.977745685987797541e-01
-1.233562500000000110e-02,2.484006153405544579e-02,7.400721911631086281e-02,4.612376346663116800e-01,5.977745685987797541e-01
-1.219218749999999990e-02,2.432129220048858537e-02,7.333834756672436006e-02,4.612794833729007560e-01,5.977745685987797541e-01
-1.204875000000000043e-02,2.380800247721194876e-02,7.267669014668989846e-02,4.613213157115405583e-01,5.977745685987797541e-01
-1.190531250000000096e-02,2.330019219484322571e-02,7.202224704258219923e-02,4.613631316044375374e-01,5.977745685987797541e-01
-1.176187500000000150e-02,2.279786118406060963e-02,7.137501844078626700e-02,4.614049309738381677e-01,5.977745685987797541e-01
-1.161843750000000203e-02,2.230100927560422705e-02,7.073500452769625191e-02,4.614467137420297238e-01,5.977745685987797541e-01
-1.147500000000000082e-02,2.180963630027728251e-02,7.010220548971399235e-02,4.614884798313431680e-01,5.977745685987797541e-01
-1.133156249999999962e-02,2.132374208894786960e-02,6.947662151324791868e-02,4.615302291641472099e-01,5.977745685987797541e-01
-1.118812500000000015e-02,2.084332647254987306e-02,6.885825278471176258e-02,4.615719616628563560e-01,5.977745685987797541e-01
-1.104468750000000069e-02,2.036838928208480753e-02,6.824709949052329416e-02,4.616136772499234153e-01,5.977745685987797541e-01
-1.090125000000000122e-02,1.989893034862295212e-02,6.764316181710325337e-02,4.616553758478438296e-01,5.977745685987797541e-01
-1.075781250000000175e-02,1.943494950330478324e-02,6.704643995087396224e-02,4.616970573791566723e-01,5.977745685987797541e-01
-1.061437500000000055e-02,1.897644657734224097e-02,6.645693407825807586e-02,4.617387217664420951e-01,5.977745685987797541e-01
-1.047093750000000108e-02,1.852342140202033888e-02,6.587464438567752767e-02,4.617803689323218830e-01,5.977745685987797541e-01
-1.032749999999999987e-02,1.807587380869827079e-02,6.529957105955221108e-02,4.618219987994615638e-01,5.977745685987797541e-01
-1.018406250000000041e-02,1.763380362881090610e-02,6.473171428629868884e-02,4.618636112905681324e-01,5.977745685987797541e-01
-1.004062500000000094e-02,1.719721069387009083e-02,6.417107425232927709e-02,4.619052063283925480e-01,5.977745685987797541e-01
-9.897187500000001470e-03,1.676609483546599721e-02,6.361765114405058819e-02,4.619467838357281808e-01,5.977745685987797541e-01
-9.753750000000000267e-03,1.634045588526845602e-02,6.307144514786230949e-02,4.619883437354107003e-01,5.977745685987797541e-01
-9.610312500000000799e-03,1.592029367502829917e-02,6.253245645015614862e-02,4.620298859503199074e-01,5.977745685987797541e-01
-9.466875000000001331e-03,1.550560803657866776e-02,6.200068523731473019e-02,4.620714104033786240e-01,5.977745685987797541e-01
-9.323437500000000128e-03,1.509639880183630788e-02,6.147613169571001374e-02,4.621129170175533596e-01,5.977745685987797541e-01
-9.180000000000000659e-03,1.469266580280301042e-02,6.095879601170269696e-02,4.621544057158539220e-01,5.977745685987797541e-01
-9.036562500000001191e-03,1.429440887156669879e-02,6.044867837164046714e-02,4.621958764213339177e-01,5.977745685987797541e-01
-8.893124999999999988e-03,1.390162784030294849e-02,5.994577896185724480e-02,4.622373290570916393e-01,5.977745685987797541e-01
-8.749687500000000520e-03,1.351432254127618755e-02,5.945009796867180285e-02,4.622787635462676792e-01,5.977745685987797541e-01
-8.606250000000001052e-03,1.313249280684093169e-02,5.896163557838660085e-02,4.623201798120489814e-01,5.977745685987797541e-01
-8.462812499999999849e-03,1.275613846944319979e-02,5.848039197728677890e-02,4.623615777776650115e-01,5.977745685987797541e-01
-8.319375000000000381e-03,1.238525936162168141e-02,5.800636735163891555e-02,4.624029573663914761e-01,5.977745685987797541e-01
-8.175937500000000913e-03,1.201985531600910373e-02,5.753956188768977187e-02,4.624443185015466584e-01,5.977745685987797541e-01
-8.032500000000001444e-03,1.165992616533336260e-02,5.707997577166529224e-02,4.624856611064968592e-01,5.977745685987797541e-01
-7.889062500000000241e-03,1.130547174241898142e-02,5.662760918976933455e-02,4.625269851046486802e-01,5.977745685987797541e-01
-7.745625000000000773e-03,1.095649188018819366e-02,5.618246232818278896e-02,4.625682904194583500e-01,5.977745685987797541e-01
-7.602187500000001305e-03,1.061298641166227158e-02,5.574453537306199580e-02,4.626095769744238972e-01,5.977745685987797541e-01
-7.458750000000000102e-03,1.027495516996282908e-02,5.531382851053816968e-02,4.626508446930908125e-01,5.977745685987797541e-01
-7.315312500000000634e-03,9.942397988312872900e-03,5.489034192671569251e-02,4.626920934990497170e-01,5.977745685987797541e-01
-7.171875000000001166e-03,9.615314700038271947e-03,5.447407580767146124e-02,4.627333233159358072e-01,5.977745685987797541e-01
-7.028437499999999963e-03,9.293705138568818941e-03,5.406503033945355557e-02,4.627745340674317420e-01,5.977745685987797541e-01
-6.885000000000000495e-03,8.977569137439515845e-03,5.366320570808010004e-02,4.628157256772653660e-01,5.977745685987797541e-01
-6.741562500000001026e-03,8.666906530291817665e-03,5.326860209953824393e-02,4.628568980692090440e-01,5.977745685987797541e-01
-6.598124999999999823e-03,8.361717150874798180e-03,5.288121969978309966e-02,4.628980511670839904e-01,5.977745685987797541e-01
-6.454687500000000355e-03,8.062000833046360782e-03,5.250105869473638276e-02,4.629391848947556620e-01,5.977745685987797541e-01
-6.311250000000000887e-03,7.767757410774391198e-03,5.212811927028555836e-02,4.629802991761386988e-01,5.977745685987797541e-01
-6.167812499999999684e-03,7.478986718138145272e-03,5.176240161228281428e-02,4.630213939351911501e-01,5.977745685987797541e-01
-6.024375000000000216e-03,7.195688589329179638e-03,5.140390590654368014e-02,4.630624690959203038e-01,5.977745685987797541e-01
-5.880937500000000748e-03,6.917862858652736903e-03,5.105263233884613921e-02,4.631035245823779123e-01,5.977745685987797541e-01
-5.737499999999999545e-03,6.645509360528781273e-03,5.070858109492957372e-02,4.631445603186662985e-01,5.977745685987797541e-01
-5.594062500000000077e-03,6.378627929493277046e-03,5.037175236049355048e-02,4.631855762289316392e-01,5.977745685987797541e-01
-5.450625000000000608e-03,6.117218400199274549e-03,5.004214632119685646e-02,4.632265722373705708e-01,5.977745685987797541e-01
-5.307187500000001140e-03,5.861280607418153064e-03,4.971976316265637463e-02,4.632675482682238055e-01,5.977745685987797541e-01
-5.163749999999999937e-03,5.610814386040684221e-03,4.940460307044597377e-02,4.633085042457822933e-01,5.977745685987797541e-01
-5.020312500000000469e-03,5.365819571078232417e-03,4.909666623009570352e-02,4.633494400943850011e-01,5.977745685987797541e-01
-4.876875000000001001e-03,5.126295997663944844e-03,4.879595282709044135e-02,4.633903557384163041e-01,5.977745685987797541e-01
-4.733437499999999798e-03,4.892243501053778441e-03,4.850246304686886556e-02,4.634312511023096492e-01,5.977745685987797541e-01
-4.590000000000000330e-03,4.663661916627647418e-03,4.821619707482262956e-02,4.634721261105502199e-01,5.977745685987797541e-01
-4.446562500000000862e-03,4.440551079890722556e-03,4.793715509629510596e-02,4.635129806876655545e-01,5.977745685987797541e-01
-4.303124999999999659e-03,4.222910826474282966e-03,4.766533729658043589e-02,4.635538147582367041e-01,5.977745685987797541e-01
-4.159687500000000190e-03,4.010740992137031870e-03,4.740074386092249514e-02,4.635946282468910162e-01,5.977745685987797541e-01
-4.016250000000000722e-03,3.804041412766130496e-03,4.714337497451377701e-02,4.636354210783042440e-01,5.977745685987797541e-01
-3.872812499999999519e-03,3.602811924378324787e-03,4.689323082249463592e-02,4.636761931772022116e-01,5.977745685987797541e-01
-3.729375000000000051e-03,3.407052363120971483e-03,4.665031158995185806e-02,4.637169444683605923e-01,5.977745685987797541e-01
-3.585937500000000583e-03,3.216762565273255901e-03,4.641461746191788418e-02,4.637576748766017443e-01,5.977745685987797541e-01
-3.442500000000001115e-03,3.031942367247153838e-03,4.618614862336985899e-02,4.637983843267985962e-01,5.977745685987797541e-01
-3.299062499999999912e-03,2.852591605588576922e-03,4.596490525922845849e-02,4.638390727438754801e-01,5.977745685987797541e-01
-3.155625000000000444e-03,2.678710116978431661e-03,4.575088755435703647e-02,4.638797400528037462e-01,5.977745685987797541e-01
-3.012187500000000975e-03,2.510297738233692368e-03,4.554409569356040327e-02,4.639203861786051486e-01,5.977745685987797541e-01
-2.868749999999999772e-03,2.347354306308457178e-03,4.534452986158399312e-02,4.639610110463526227e-01,5.977745685987797541e-01
-2.725312500000000304e-03,2.189879658295024872e-03,4.515219024311305923e-02,4.640016145811663439e-01,5.977745685987797541e-01
-2.581875000000000836e-03,2.037873631424886277e-03,4.496707702277115415e-02,4.640421967082214438e-01,5.977745685987797541e-01
-2.438437500000001368e-03,1.891336063069833399e-03,4.478919038511967182e-02,4.640827573527385175e-01,5.977745685987797541e-01
-2.294999999999998430e-03,1.750266790742983350e-03,4.461853051465656389e-02,4.641232964399906735e-01,5.977745685987797541e-01
-2.151562499999998962e-03,1.614665652099781662e-03,4.445509759581553477e-02,4.641638138953025905e-01,5.977745685987797541e-01
-2.008124999999999494e-03,1.484532484939075870e-03,4.429889181296495226e-02,4.642043096440487959e-01,5.977745685987797541e-01
-1.864687500000000026e-03,1.359867127204093242e-03,4.414991335040691772e-02,4.642447836116541104e-01,5.977745685987797541e-01
-1.721250000000000557e-03,1.240669416983472073e-03,4.400816239237630156e-02,4.642852357235957572e-01,5.977745685987797541e-01
-1.577812500000001089e-03,1.126939192512297749e-03,4.387363912303979957e-02,4.643256659054005864e-01,5.977745685987797541e-01
-1.434375000000001621e-03,1.018676292173062263e-03,4.374634372649496838e-02,4.643660740826482392e-01,5.977829458837096155e-01
-1.290937499999998683e-03,9.158805544966995256e-04,4.362627638676939285e-02,4.644064601809687609e-01,5.978369062473533058e-01
-1.147499999999999215e-03,8.185518181635511670e-04,4.351343728781932596e-02,4.644468241260446550e-01,5.978908665612429063e-01
-1.004062499999999747e-03,7.266899220043763650e-04,4.340782661352938360e-02,4.644871658436093287e-01,5.979448268253785281e-01
-8.606250000000002787e-04,6.402947050013173269e-04,4.330944454771107344e-02,4.645274852594490911e-01,5.979987870397602823e-01
-7.171875000000008105e-04,5.593660062888676987e-04,4.321829127410205251e-02,4.645677822994014328e-01,5.980527472043882797e-01
-5.737500000000013423e-04,4.839036651548655316e-04,4.313436697636534312e-02,4.646080568893570240e-01,5.981067073192626316e-01
-4.303124999999984046e-04,4.139075210414440735e-04,4.305767183808811155e-02,4.646483089552567725e-01,5.981606673843834487e-01
-2.868749999999989364e-04,3.493774135459863000e-04,4.298820604278105750e-02,4.646885384230964311e-01,5.982146273997509534e-01
-1.434374999999994682e-04,2.903131824220835122e-04,4.292596977387715812e-02,4.647287452189220458e-01,5.982685873653652564e-01
0.000000000000000000e+00,2.367146675804607844e-04,4.287096321473107818e-02,4.647689292688365059e-01,5.983225472812262469e-01
1.434374999999994682e-04,1.885817090899594411e-04,4.282318654861815010e-02,4.648090904989891081e-01,5.983765071473343689e-01
2.868749999999989364e-04,1.459141471784236902e-04,4.278263995873331227e-02,4.648492288355888791e-01,5.984304669636894003e-01
4.303124999999984046e-04,1.087118222336705913e-04,4.274932362819049841e-02,4.648893442048935842e-01,5.984844267302917853e-01
5.737500000000013423e-04,7.697457480438151336e-05,4.272323774002147884e-02,4.649294365332142798e-01,5.985383864471415238e-01
7.171875000000008105e-04,5.070224560103183173e-05,4.270438247717507629e-02,4.649695057469193649e-01,5.985923461142386159e-01
8.606250000000002787e-04,2.989467549680645869e-05,4.269275802251643742e-02,4.650095517724259775e-01,5.986463057315833947e-01
1.004062499999999747e-03,1.455170552849632455e-05,4.268836455882579067e-02,4.650495745362092648e-01,5.987002652991757490e-01
1.147499999999999215e-03,4.673176897404176959e-06,4.269120226879793978e-02,4.650895739647933902e-01,5.987542248170160120e-01
1.290937499999998683e-03,2.589309702336838183e-07,4.270127133504103556e-02,4.651295499847623027e-01,5.988081842851041836e-01
1.434375000000001621e-03,1.308809279980947543e-06,4.271857194007615266e-02,4.651695025227482461e-01,5.988621437034403749e-01
1.577812500000001089e-03,7.822653526813420831e-06,4.274310426633600585e-02,4.652094315054414175e-01,5.993860928360371654e-01
1.721250000000000557e-03,1.980030557895053072e-05,4.277486849616417980e-02,4.652493368595874146e-01,6.007277006149219778e-01
1.864687500000000026e-03,3.724160747352696425e-05,4.281386481181458786e-02,4.652892185119821278e-01,6.020693048965900518e-01
2.008124999999999494e-03,6.014640141746200415e-05,4.286009339545013286e-02,4.653290763894780135e-01,6.034109056881985511e-01
2.151562499999998962e-03,8.851452978832311533e-05,4.291355442914220747e-02,4.653689104189843162e-01,6.047525029969103016e-01
2.294999999999998430e-03,1.223458351351697812e-04,4.297424809486981301e-02,4.654087205274637373e-01,6.060940968298934584e-01
2.438437500000001368e-03,1.616401601793979344e-04,4.304217457451850470e-02,4.654485066419324357e-01,6.074356871943221714e-01
2.581875000000000836e-03,2.063973478156043168e-04,4.311733404987981577e-02,4.654882686894645794e-01,6.087772740973750318e-01
2.725312500000000304e-03,2.566172411123801697e-04,4.319972670265023046e-02,4.655280065971871828e-01,6.101188575462370700e-01
2.868749999999999772e-03,3.122996833131968099e-04,4.328935271443056648e-02,4.655677202922857139e-01,6.114604375480980902e-01
3.012187499999999241e-03,3.734445178371700738e-04,4.338621226672487174e-02,4.656074097019975433e-01,6.128020141101530038e-01
3.155624999999998709e-03,4.400515882799249418e-04,4.349030554093989698e-02,4.656470747536193833e-01,6.141435872396022733e-01
3.299062500000001646e-03,5.121207384143900950e-04,4.360163271838404797e-02,4.656867153745021248e-01,6.154851569436518011e-01
3.442500000000001115e-03,5.896518121915997378e-04,4.372019398026674719e-02,4.657263314920532804e-01,6.168267232295113756e-01
3.585937500000000583e-03,6.726446537414946603e-04,4.384598950769751785e-02,4.657659230337350409e-01,6.181682861043973354e-01
3.729375000000000051e-03,7.610991073737099653e-04,4.397901948168518593e-02,4.658054899270659410e-01,6.195098455755295719e-01
3.872812499999999519e-03,8.550150175784219930e-04,4.411928408313715161e-02,4.658450320996251892e-01,6.208514016501340826e-01
4.016249999999998987e-03,9.543922290270387410e-04,4.426678349285867453e-02,4.658845494790431196e-01,6.221929543354409731e-01
4.159687500000001925e-03,1.059230586573041205e-03,4.442151789155174973e-02,4.659240419930098520e-01,6.235345036386854556e-01
4.303125000000001393e-03,1.169529935252721069e-03,4.458348745981465661e-02,4.659635095692706841e-01,6.248760495671071835e-01
4.446562500000000862e-03,1.285290120286001125e-03,4.475269237814114009e-02,4.660029521356301996e-01,6.262175921279506952e-01
4.590000000000000330e-03,1.406510987077130240e-03,4.492913282691947396e-02,4.660423696199481602e-01,6.275591313284653028e-01
4.733437499999999798e-03,1.533192381215468325e-03,4.511280898643180853e-02,4.660817619501425035e-01,6.289006671759046485e-01
4.876874999999999266e-03,1.665334148476226841e-03,4.530372103685329638e-02,4.661211290541874552e-01,6.302421996775268154e-01
5.020312499999998734e-03,1.802936134821223621e-03,4.550186915825154416e-02,4.661604708601159164e-01,6.315837288405945493e-01
5.163750000000001672e-03,1.945998186399628587e-03,4.570725353058561341e-02,4.661997872960189637e-01,6.329252546723750372e-01
5.307187500000001140e-03,2.094520149548630313e-03,4.591987433370533361e-02,4.662390782900430741e-01,6.342667771801393517e-01
5.450625000000000608e-03,2.248501870794276936e-03,4.613973174735078175e-02,4.662783437703957867e-01,6.356082963711633393e-01
5.594062500000000077e-03,2.407943196852083308e-03,4.636682595115108191e-02,4.663175836653404849e-01,6.369498122527267325e-01
5.737499999999999545e-03,2.572843974627794274e-03,4.660115712462419013e-02,4.663567979031991717e-01,6.382913248321135935e-01
5.880937499999999013e-03,2.743204051218111304e-03,4.684272544717554831e-02,4.663959864123534693e-01,6.396328341166119813e-01
6.024375000000001951e-03,2.919023273911349088e-03,4.709153109809796622e-02,4.664351491212413992e-01,6.409743401135140628e-01
6.167812500000001419e-03,3.100301490188166285e-03,4.734757425657056679e-02,4.664742859583613788e-01,6.423158428301162237e-01
6.311250000000000887e-03,3.287038547722264618e-03,4.761085510165801588e-02,4.665133968522702235e-01,6.436573422737181804e-01
6.454687500000000355e-03,3.479234294381016411e-03,4.788137381230997414e-02,4.665524817315819250e-01,6.449988384516239792e-01
6.598124999999999823e-03,3.676888578226227000e-03,4.815913056736031289e-02,4.665915405249727588e-01,6.463403313711414411e-01
6.741562499999999292e-03,3.880001247514732344e-03,4.844412554552627453e-02,4.666305731611755103e-01,6.476818210395819397e-01
6.885000000000002229e-03,4.088572150699118501e-03,4.873635892540798681e-02,4.666695795689828619e-01,6.490233074642605127e-01
7.028437500000001698e-03,4.302601136428340495e-03,4.903583088548763014e-02,4.667085596772468925e-01,6.503647906524963052e-01
7.171875000000001166e-03,4.522088053548437882e-03,4.934254160412875762e-02,4.667475134148803551e-01,6.517062706116115711e-01
7.315312500000000634e-03,4.747032751103131068e-03,4.965649125957551785e-02,4.667864407108536229e-01,6.530477473489323392e-01
7.458750000000000102e-03,4.977435078334505221e-03,4.997768002995223169e-02,4.668253414942004076e-01,6.543892208717878578e-01
7.602187499999999570e-03,5.213294884683571453e-03,5.030610809326223343e-02,4.668642156940089882e-01,6.557306911875110389e-01
7.745624999999999039e-03,5.454612019791074337e-03,5.064177562738782223e-02,4.669030632394337021e-01,6.570721583034380142e-01
7.889062500000001976e-03,5.701386333497867470e-03,5.098468281008888825e-02,4.669418840596842313e-01,6.584136222269083571e-01
8.032500000000001444e-03,5.953617675845753951e-03,5.133482981900280157e-02,4.669806780840324856e-01,6.597550829652643056e-01
8.175937500000000913e-03,6.211305897078023275e-03,5.169221683164344078e-02,4.670194452418131581e-01,6.610965405258522054e-01
8.319375000000000381e-03,6.474450847640051548e-03,5.205684402540065869e-02,4.670581854624175078e-01,6.624379949160207337e-01
8.462812499999999849e-03,6.743052378179909510e-03,5.242871157753946354e-02,4.670968986753007979e-01,6.637794461431224535e-01
8.606249999999999317e-03,7.017110339548948000e-03,5.280781966519954712e-02,4.671355848099762453e-01,6.651208942145117042e-01
8.749687500000002255e-03,7.296624582802464093e-03,5.319416846539460481e-02,4.671742437960212380e-01,6.664623391375469330e-01
8.893125000000001723e-03,7.581594959200205902e-03,5.358775815501150980e-02,4.672128755630722274e-01,6.678037809195889185e-01
9.036562500000001191e-03,7.872021320206970194e-03,5.398858891080972333e-02,4.672514800408276714e-01,6.691452195680015480e-01
9.180000000000000659e-03,8.167903517493250304e-03,5.439666090942096160e-02,4.672900571590480334e-01,6.704866550901511513e-01
9.323437500000000128e-03,8.469241402935673291e-03,5.481197432734818964e-02,4.673286068475519528e-01,6.718280874934070557e-01
9.466874999999999596e-03,8.776034828617738925e-03,5.523452934096495515e-02,4.673671290362258479e-01,6.731695167851412531e-01
9.610312499999999064e-03,9.088283646830194393e-03,5.566432612651513179e-02,4.674056236550123700e-01,6.745109429727278449e-01
9.753750000000002002e-03,9.405987710071745528e-03,5.610136486011192691e-02,4.674440906339194512e-01,6.758523660635444852e-01
9.897187500000001470e-03,9.729146871049533865e-03,5.654564571773759013e-02,4.674825299030154202e-01,6.771937860649703822e-01
1.004062500000000094e-02,1.005776098267963971e-02,5.699716887524242798e-02,4.675209413924316659e-01,6.785352029843876309e-01
1.018406250000000041e-02,1.039182989808767020e-02,5.745593450834447086e-02,4.675593250323608618e-01,6.798766168291804357e-01
1.032749999999999987e-02,1.073135347060937168e-02,5.792194279262877221e-02,4.675976807530601298e-01,6.812180276067359985e-01
1.047093749999999934e-02,1.107633155379093674e-02,5.839519390354670769e-02,4.676360084848464327e-01,6.825594353244426316e-01
1.061437500000000228e-02,1.142676400138978310e-02,5.887568801641560046e-02,4.676743081581026806e-01,6.839008399896918666e-01
1.075781250000000175e-02,1.178265066737482943e-02,5.936342530641788157e-02,4.677125797032719023e-01,6.852422416098770119e-01
1.090125000000000122e-02,1.214399140592721006e-02,5.985840594860069447e-02,4.677508230508618525e-01,6.865836401923933741e-01
1.104468750000000069e-02,1.251078607144063756e-02,6.036063011787522192e-02,4.677890381314423474e-01,6.879250357446385911e-01
1.118812500000000015e-02,1.288303451852200118e-02,6.087009798901608232e-02,4.678272248756480955e-01,6.892664282740121884e-01
1.133156249999999962e-02,1.326073660199172596e-02,6.138680973666073293e-02,4.678653832141751456e-01,6.906078177879151347e-01
1.147499999999999909e-02,1.364389217688437295e-02,6.191076553530893561e-02,4.679035130777831619e-01,6.919492042937511744e-01
1.161843750000000203e-02,1.403250109844910928e-02,6.244196555932219478e-02,4.679416143972974784e-01,6.932905877989250509e-01
1.176187500000000150e-02,1.442656322215018008e-02,6.298040998292320225e-02,4.679796871036058237e-01,6.946319683108437282e-01
1.190531250000000096e-02,1.482607840366733515e-02,6.352609898019526136e-02,4.680177311276602081e-01,6.959733458369158354e-01
1.204875000000000043e-02,1.523104649889626613e-02,6.407903272508153059e-02,4.680557464004760360e-01,6.973147203845513342e-01
1.219218749999999990e-02,1.564146736394924145e-02,6.463921139138495420e-02,4.680937328531341590e-01,6.986560919611618514e-01
1.233562499999999937e-02,1.605734085515532830e-02,6.520663515276702016e-02,4.681316904167781567e-01,6.999974605741610123e-01
1.247906250000000231e-02,1.647866682906103802e-02,6.578130418274799607e-02,4.681696190226177778e-01,7.013388262309635524e-01
1.262250000000000177e-02,1.690544514243058627e-02,6.636321865470576342e-02,4.682075186019247770e-01,7.026801889389853173e-01
1.276593750000000124e-02,1.733767565224649324e-02,6.695237874187545679e-02,4.682453890860391876e-01,7.040215487056443733e-01
1.290937500000000071e-02,1.777535821570997224e-02,6.754878461734910300e-02,4.682832304063630491e-01,7.053629055383594526e-01
1.305281250000000365e-02,1.821849269024126972e-02,6.815243645407494111e-02,4.683210424943642924e-01,7.067042594445503978e-01
1.319624999999999965e-02,1.866707893348009892e-02,6.876333442485670078e-02,4.683588252815755193e-01,7.080456104316386057e-01
1.333968750000000258e-02,1.912111680328624705e-02,6.938147870235360226e-02,4.683965786995951119e-01,7.093869585070466943e-01
1.348312499999999858e-02,1.958060615773973140e-02,7.000686945907930170e-02,4.684343026800875109e-01,7.107283036781979479e-01
1.362656250000000152e-02,2.004554685514138915e-02,7.063950686740166907e-02,4.684719971547809392e-01,7.120696459525173161e-01
1.377000000000000446e-02,2.051593875401311676e-02,7.127939109954226082e-02,4.685096620554702329e-01,7.134109853374299703e-01
1.391343750000000046e-02,2.099178171309835222e-02,7.192652232757554276e-02,4.685472973140150099e-01,7.147523218403626366e-01
1.405687500000000340e-02,2.147307559136256427e-02,7.258090072342901489e-02,4.685849028623423340e-01,7.160936554687424849e-01
1.420031249999999939e-02,2.195982024799337726e-02,7.324252645888174040e-02,4.686224786324439395e-01,7.174349862299975733e-01
1.434375000000000233e-02,2.245201554240124769e-02,7.391139970556485916e-02,4.686600245563786737e-01,7.187763141315570703e-01
1.448718749999999833e-02,2.294966133421951979e-02,7.458752063496039419e-02,4.686975405662701655e-01,7.201176391808500332e-01
1.463062500000000127e-02,2.345275748330508808e-02,7.527088941840114067e-02,4.687350265943095451e-01,7.214589613853070738e-01
1.477406250000000421e-02,2.396130384973864727e-02,7.596150622706995814e-02,4.687724825727552780e-01,7.228002807523588036e-01
1.491750000000000020e-02,2.447530029382485525e-02,7.665937123199945136e-02,4.688099084339298894e-01,7.241415972894369446e-01
1.506093750000000314e-02,2.499474667609301315e-02,7.736448460407129024e-02,4.688473041102250716e-01,7.254829110039726636e-01
1.520437499999999914e-02,2.551964285729723531e-02,7.807684651401614051e-02,4.688846695340987414e-01,7.268242219033985707e-01
1.534781250000000208e-02,2.604998869841671644e-02,7.879645713241267835e-02,4.689220046380740414e-01,7.281655299951470539e-01
1.549124999999999808e-02,2.658578406065620001e-02,7.952331662968735448e-02,4.689593093547438363e-01,7.295068352866510564e-01
1.563468750000000101e-02,2.712702880544633557e-02,8.025742517611424154e-02,4.689965836167676039e-01,7.308481377853438543e-01
1.577812500000000395e-02,2.767372279444382799e-02,8.099878294181400706e-02,4.690338273568714911e-01,7.321894374986586129e-01
1.592156249999999995e-02,2.822586588953189882e-02,8.174739009675387191e-02,4.690710405078494794e-01,7.335307344340286084e-01
1.606500000000000289e-02,2.878345795282047717e-02,8.250324681074695798e-02,4.691082230025618305e-01,7.348720285988876721e-01
1.620843749999999889e-02,2.934649884664675135e-02,8.326635325345201066e-02,4.691453747739404156e-01,7.362133200006695244e-01
1.635187500000000183e-02,2.991498843357513412e-02,8.403670959437284371e-02,4.691824957549803887e-01,7.375546086468073304e-01
1.649531249999999782e-02,3.048892657639775891e-02,8.481431600285781192e-02,4.692195858787478469e-01,7.388958945447348103e-01
1.663875000000000076e-02,3.106831313813484402e-02,8.559917264809956128e-02,4.692566450783765553e-01,7.402371777018851295e-01
1.678218750000000370e-02,3.165314798203473778e-02,8.639127969913470984e-02,4.692936732870668370e-01,7.415784581256916752e-01
1.692562499999999970e-02,3.224343097157437998e-02,8.719063732484283458e-02,4.693306704380897920e-01,7.429197358235872795e-01
1.706906250000000264e-02,3.283916197045964186e-02,8.799724569394687390e-02,4.693676364647847432e-01,7.442610108030044413e-01
1.721249999999999863e-02,3.344034084262528100e-02,8.881110497501192025e-02,4.694045713005576270e-01,7.456022830713756600e-01
1.735593750000000157e-02,3.404696745223562138e-02,8.963221533644541439e-02,4.694414748788858782e-01,7.469435526361326572e-01
1.749937500000000451e-02,3.465904166368443534e-02,9.046057694649657643e-02,4.694783471333123792e-01,7.482848195047068218e-01
1.764281250000000051e-02,3.527656334159542245e-02,9.129618997325555929e-02,4.695151879974528430e-01,7.496260836845288766e-01
1.778625000000000345e-02,3.589953235082250782e-02,9.213905458465378173e-02,4.695519974049901513e-01,7.509673451830295443e-01
1.792968749999999944e-02,3.652794855644981437e-02,9.298917094846291531e-02,4.695887752896765743e-01,7.523086040076382153e-01
1.807312500000000238e-02,3.716181182379210690e-02,9.384653923229480110e-02,4.696255215853328835e-01,7.536498601657838359e-01
1.821656249999999838e-02,3.780112201839506969e-02,9.471115960360097785e-02,4.696622362258517924e-01,7.549911136648947974e-01
1.836000000000000132e-02,3.844587900603540359e-02,9.558303222967226564e-02,4.696989191451932388e-01,7.563323645123986028e-01
