x,y
0.000000000000000000e+00,0.000000000000000000e+00
9.320000000000000284e+00,9.765625000000000000e-04
9.419999999999999929e+00,4.882812500000000000e-03
9.519999999999999574e+00,5.859375000000000000e-03
9.720000000000000639e+00,6.835937500000000000e-03
9.740000000000000213e+00,7.812500000000000000e-03
9.800000000000000711e+00,8.789062500000000000e-03
9.820000000000000284e+00,2.734375000000000000e-02
9.839999999999999858e+00,3.125000000000000000e-02
9.919999999999999929e+00,4.492187500000000000e-02
9.939999999999999503e+00,4.785156250000000000e-02
9.960000000000000853e+00,5.175781250000000000e-02
9.980000000000000426e+00,5.273437500000000000e-02
1.001999999999999957e+01,5.566406250000000000e-02
1.006000000000000050e+01,5.761718750000000000e-02
1.012000000000000099e+01,6.445312500000000000e-02
1.022000000000000064e+01,7.128906250000000000e-02
1.024000000000000021e+01,7.226562500000000000e-02
1.025999999999999979e+01,7.519531250000000000e-02
1.030000000000000071e+01,7.617187500000000000e-02
1.032000000000000028e+01,8.496093750000000000e-02
1.033999999999999986e+01,8.984375000000000000e-02
1.035999999999999943e+01,9.960937500000000000e-02
1.038000000000000078e+01,1.015625000000000000e-01
1.040000000000000036e+01,1.044921875000000000e-01
1.041999999999999993e+01,1.347656250000000000e-01
1.043999999999999950e+01,1.455078125000000000e-01
1.046000000000000085e+01,1.513671875000000000e-01
1.048000000000000043e+01,1.542968750000000000e-01
1.050000000000000000e+01,1.572265625000000000e-01
1.051999999999999957e+01,1.992187500000000000e-01
1.054000000000000092e+01,2.099609375000000000e-01
1.056000000000000050e+01,2.167968750000000000e-01
1.058000000000000007e+01,2.187500000000000000e-01
1.059999999999999964e+01,2.197265625000000000e-01
1.062000000000000099e+01,2.373046875000000000e-01
1.064000000000000057e+01,2.421875000000000000e-01
1.066000000000000014e+01,2.509765625000000000e-01
1.067999999999999972e+01,2.519531250000000000e-01
1.072000000000000064e+01,2.539062500000000000e-01
1.075999999999999979e+01,2.578125000000000000e-01
1.082000000000000028e+01,2.822265625000000000e-01
1.083999999999999986e+01,2.880859375000000000e-01
1.085999999999999943e+01,2.910156250000000000e-01
1.088000000000000078e+01,2.919921875000000000e-01
1.090000000000000036e+01,2.929687500000000000e-01
1.091999999999999993e+01,3.339843750000000000e-01
1.093999999999999950e+01,3.613281250000000000e-01
1.096000000000000085e+01,3.759765625000000000e-01
1.098000000000000043e+01,3.769531250000000000e-01
1.100000000000000000e+01,3.789062500000000000e-01
1.101999999999999957e+01,4.013671875000000000e-01
1.104000000000000092e+01,4.277343750000000000e-01
1.106000000000000050e+01,4.628906250000000000e-01
1.108000000000000007e+01,4.697265625000000000e-01
1.109999999999999964e+01,4.736328125000000000e-01
1.112000000000000099e+01,5.000000000000000000e-01
1.114000000000000057e+01,5.117187500000000000e-01
1.116000000000000014e+01,5.175781250000000000e-01
1.120000000000000107e+01,5.185546875000000000e-01
1.122000000000000064e+01,5.361328125000000000e-01
1.124000000000000021e+01,5.400390625000000000e-01
1.125999999999999979e+01,5.429687500000000000e-01
1.130000000000000071e+01,5.449218750000000000e-01
1.132000000000000028e+01,5.585937500000000000e-01
1.133999999999999986e+01,5.751953125000000000e-01
1.135999999999999943e+01,5.849609375000000000e-01
1.141999999999999993e+01,6.005859375000000000e-01
1.143999999999999950e+01,6.162109375000000000e-01
1.146000000000000085e+01,6.367187500000000000e-01
1.148000000000000043e+01,6.386718750000000000e-01
1.150000000000000000e+01,6.406250000000000000e-01
1.151999999999999957e+01,6.621093750000000000e-01
1.154000000000000092e+01,6.708984375000000000e-01
1.156000000000000050e+01,6.796875000000000000e-01
1.158000000000000007e+01,6.806640625000000000e-01
1.162000000000000099e+01,7.089843750000000000e-01
1.164000000000000057e+01,7.197265625000000000e-01
1.166000000000000014e+01,7.353515625000000000e-01
1.167999999999999972e+01,7.363281250000000000e-01
1.172000000000000064e+01,7.441406250000000000e-01
1.174000000000000021e+01,7.509765625000000000e-01
1.175999999999999979e+01,7.539062500000000000e-01
1.177999999999999936e+01,7.558593750000000000e-01
1.182000000000000028e+01,7.617187500000000000e-01
1.183999999999999986e+01,7.744140625000000000e-01
1.185999999999999943e+01,7.773437500000000000e-01
1.188000000000000078e+01,7.783203125000000000e-01
1.191999999999999993e+01,7.851562500000000000e-01
1.193999999999999950e+01,7.939453125000000000e-01
1.196000000000000085e+01,7.988281250000000000e-01
1.198000000000000043e+01,7.998046875000000000e-01
1.201999999999999957e+01,8.164062500000000000e-01
1.204000000000000092e+01,8.339843750000000000e-01
1.206000000000000050e+01,8.408203125000000000e-01
1.212000000000000099e+01,8.496093750000000000e-01
1.214000000000000057e+01,8.603515625000000000e-01
1.216000000000000014e+01,8.671875000000000000e-01
1.222000000000000064e+01,8.691406250000000000e-01
1.224000000000000021e+01,8.710937500000000000e-01
1.225999999999999979e+01,8.730468750000000000e-01
1.230000000000000071e+01,8.740234375000000000e-01
1.232000000000000028e+01,8.769531250000000000e-01
1.235999999999999943e+01,8.779296875000000000e-01
1.241999999999999993e+01,8.886718750000000000e-01
1.243999999999999950e+01,8.994140625000000000e-01
1.246000000000000085e+01,9.013671875000000000e-01
1.248000000000000043e+01,9.042968750000000000e-01
1.250000000000000000e+01,9.072265625000000000e-01
1.251999999999999957e+01,9.101562500000000000e-01
1.254000000000000092e+01,9.179687500000000000e-01
1.256000000000000050e+01,9.228515625000000000e-01
1.262000000000000099e+01,9.267578125000000000e-01
1.264000000000000057e+01,9.296875000000000000e-01
1.272000000000000064e+01,9.326171875000000000e-01
1.274000000000000021e+01,9.345703125000000000e-01
1.275999999999999979e+01,9.365234375000000000e-01
1.282000000000000028e+01,9.404296875000000000e-01
1.283999999999999986e+01,9.423828125000000000e-01
1.291999999999999993e+01,9.482421875000000000e-01
1.293999999999999950e+01,9.521484375000000000e-01
1.296000000000000085e+01,9.531250000000000000e-01
1.300000000000000000e+01,9.541015625000000000e-01
1.301999999999999957e+01,9.550781250000000000e-01
1.304000000000000092e+01,9.570312500000000000e-01
1.314000000000000057e+01,9.580078125000000000e-01
1.322000000000000064e+01,9.628906250000000000e-01
1.324000000000000021e+01,9.638671875000000000e-01
1.330000000000000071e+01,9.648437500000000000e-01
1.332000000000000028e+01,9.658203125000000000e-01
1.335999999999999943e+01,9.677734375000000000e-01
1.346000000000000085e+01,9.687500000000000000e-01
1.351999999999999957e+01,9.697265625000000000e-01
1.354000000000000092e+01,9.707031250000000000e-01
1.362000000000000099e+01,9.726562500000000000e-01
1.366000000000000014e+01,9.736328125000000000e-01
1.372000000000000064e+01,9.765625000000000000e-01
1.383999999999999986e+01,9.775390625000000000e-01
1.401999999999999957e+01,9.785156250000000000e-01
1.406000000000000050e+01,9.794921875000000000e-01
1.409999999999999964e+01,9.814453125000000000e-01
1.412000000000000099e+01,9.824218750000000000e-01
1.422000000000000064e+01,9.833984375000000000e-01
1.432000000000000028e+01,9.853515625000000000e-01
1.441999999999999993e+01,9.863281250000000000e-01
1.443999999999999950e+01,9.873046875000000000e-01
1.451999999999999957e+01,9.892578125000000000e-01
1.464000000000000057e+01,9.902343750000000000e-01
1.466000000000000014e+01,9.921875000000000000e-01
1.472000000000000064e+01,9.931640625000000000e-01
1.514000000000000057e+01,9.941406250000000000e-01
1.522000000000000064e+01,9.951171875000000000e-01
1.635999999999999943e+01,9.960937500000000000e-01
1.642000000000000171e+01,9.970703125000000000e-01
1.683999999999999986e+01,9.980468750000000000e-01
1.692000000000000171e+01,9.990234375000000000e-01
1.744000000000000128e+01,1.000000000000000000e+00
2.000000000000000000e+01,1.000000000000000000e+00
