epoch,train_mse,val_mse
0,614925.350254714,574643.473400154
1,611756.097595853,571132.335774865
2,607355.780141210,565946.781804163
3,600341.429618375,557613.546646106
4,589125.270891054,544417.248650732
5,571730.449548664,524905.461063994
6,546756.182679417,497708.673862760
7,512838.700866923,461488.715497301
8,468945.941907230,416063.675404780
9,415803.445526857,363393.135697764
10,356974.770220753,308101.913646877
11,298427.444811869,255993.990747880
12,246243.354723389,213009.324980725
13,205884.746804898,181950.904394757
14,178299.416212351,162153.032286045
15,161579.644650997,150048.239205860
16,151328.601662347,141923.377023901
17,143810.796675306,135160.531033153
18,137214.063812673,128716.827968389
19,130723.325766378,121937.179934464
20,124002.279381535,115241.611796453
21,117179.087675395,108434.166249036
22,110376.686745911,101690.411526600
23,103631.076593082,95049.510794140
24,96961.384931629,88610.832305320
25,90532.387165967,82415.623313416
26,84341.783358656,76654.889552814
27,78529.229600500,71150.807729375
28,73051.688265261,66137.632854665
29,67940.778264367,61453.393793369
30,63124.582536420,57139.916321318
31,58692.952006435,53182.316451426
32,54603.471802663,49593.264793755
33,50856.913575833,46386.628855050
34,47499.195638574,43523.082847436
35,44478.466529627,40939.610832691
36,41749.005988024,38630.645732941
37,39322.489230494,36571.980242868
38,37135.034408794,34742.103965883
39,35187.189739923,33127.460172513
40,33425.356063991,31636.528479183
41,31855.014746626,30289.035105050
42,30444.109482527,29068.035394179
43,29173.165966574,27999.309849653
44,28035.201090357,27008.564560042
45,27021.136473322,26113.083293177
46,26107.243632139,25316.195571511
47,25287.416569845,24573.703088859
48,24564.090624721,23894.353965883
49,23906.014210385,23301.314270914
50,23311.556796854,22791.985206245
51,22794.695325766,22301.397672513
52,22331.402806328,21841.538357749
53,21923.462418447,21455.189090208
54,21546.201626598,21090.504324884
55,21211.349629100,20762.632396877
56,20917.387344714,20465.540092521
57,20650.987398338,20186.451835968
58,20407.223701850,19930.180946415
59,20196.410581821,19727.414429934
60,20006.646080972,19499.360109869
61,19826.555009384,19332.531117483
62,19668.934221110,19122.266070740
63,19522.859013317,18977.215051561
64,19384.077039950,18823.126638396
65,19260.775046921,18691.343972870
66,19150.566627938,18567.422796598
67,19047.512467602,18429.397383385
68,18944.914022701,18325.471526841
69,18860.399276075,18219.672326764
70,18768.066717312,18118.816788743
71,18684.253463223,17996.798260409
72,18613.767003307,17914.738001157
73,18531.490615783,17844.125505975
74,18459.973813567,17739.080895817
75,18392.339306462,17651.754210438
76,18330.361917955,17567.400877024
77,18263.788095451,17502.282551079
78,18204.892304942,17425.990193716
79,18144.869470015,17382.497337606
80,18084.981455000,17306.311421791
81,18029.805702029,17226.343882517
82,17974.474305121,17158.550609580
83,17921.713826079,17094.509095509
84,17870.633389937,17049.051705860
85,17825.427384038,16975.303512914
86,17779.432746447,16950.351345653
87,17730.300875860,16869.470147456
88,17678.861381714,16821.270781130
89,17642.209491465,16747.202125096
90,17597.513942265,16719.046429260
91,17550.975466976,16667.729971810
92,17505.686522477,16645.719846280
93,17467.571185986,16563.190114206
94,17436.980561266,16512.553988772
95,17390.148315310,16473.390082884
96,17349.653052105,16419.902274480
97,17313.452274555,16388.363603508
98,17282.684958441,16335.212786719
99,17240.157565466,16302.892618784
100,17206.011573867,16284.321697909
101,17179.776164090,16227.454401985
102,17156.168200912,16166.954438126
103,17112.912771472,16181.559452101
104,17083.850344088,16110.296820788
105,17044.590133167,16072.450342136
106,17013.889713111,16072.738910707
107,16992.791983198,16010.157008963
108,16948.841719546,15969.282466750
109,16919.387255340,15952.772058115
110,16892.760479042,15902.491012914
111,16856.892483689,15889.061102544
112,16831.630574672,15838.408297995
113,16799.839261775,15826.884414755
114,16774.113906515,15775.591846569
115,16741.503887747,15755.323812163
116,16716.972472965,15729.735001446
117,16685.358968630,15686.981387336
118,16661.352444365,15670.667574210
119,16633.931495219,15639.125722822
120,16604.591920636,15604.064909406
121,16581.785816427,15583.145341413
122,16564.363347931,15565.942987423
123,16540.669809634,15511.224580763
124,16520.321342390,15530.098761565
125,16492.524398963,15488.139534744
126,16465.614934310,15470.792766962
127,16447.633926177,15455.260818234
128,16427.202743766,15447.386866326
129,16406.017785325,15379.609314765
130,16383.842702654,15348.307175212
131,16367.551166324,15374.203534599
132,16344.128340334,15286.499168755
133,16335.482884976,15278.459726773
134,16300.313075342,15262.416140613
135,16278.716730718,15226.072806236
136,16266.388417195,15203.881348786
137,16242.879926714,15235.969243928
138,16232.653096791,15165.537357845
139,16208.475511663,15142.571408780
140,16205.874206810,15160.254487519
141,16176.887210653,15107.024383192
142,16154.613280901,15078.041176754
143,16132.575207793,15092.804886276
144,16118.854187148,15022.804247783
145,16095.505809277,15014.367970557
146,16084.624095093,15006.770371530
147,16073.280945572,15006.939066114
148,16050.108812226,14960.663960100
149,16040.501295916,14974.971785852
150,16020.096791492,14937.855447668
151,16009.155956743,14927.134083462
152,15988.614129949,14904.337696367
153,15975.299490571,14877.602038358
154,15959.216998838,14883.261306139
155,15952.726070248,14849.088654106
156,15930.093976227,14836.069945066
157,15925.607114130,14814.337184368
158,15911.524845831,14831.810439958
159,15905.923228171,14836.257011372
160,15897.522968987,14781.951655262
161,15875.912413978,14769.076420345
162,15861.690767718,14730.474857845
163,15862.391098400,14766.689102255
164,15841.481991241,14742.855297080
165,15821.619134865,14702.049718099
166,15816.504647422,14709.991627313
167,15804.216551971,14694.018215112
168,15791.654616141,14682.345063126
169,15780.952632049,14652.508312452
170,15794.849897220,14619.525666201
171,15768.857002413,14615.558669044
172,15754.966395567,14678.205944005
173,15752.899499508,14642.384167791
174,15752.422870677,14583.547911045
175,15720.624899455,14657.201649239
176,15721.018723747,14588.876421550
177,15704.183707212,14578.654985062
178,15698.174099562,14579.009197909
179,15683.994369470,14540.846779828
180,15678.558003396,14516.214340786
181,15660.074716239,14588.503583992
182,15698.023505228,14592.604851340
183,15659.914603629,14561.339166104
184,15647.748279560,14490.040056380
185,15635.188041827,14508.058705185
186,15626.662704442,14471.024853026
187,15613.149387792,14509.473105002
188,15606.596433998,14480.101020384
189,15598.404727858,14463.465810524
190,15581.293234427,14461.822944776
191,15578.868084726,14441.019299345
192,15565.921261954,14415.488597485
193,15565.491062651,14439.468123554
194,15566.943694700,14383.010119507
195,15560.162704442,14409.630144082
196,15541.734918223,14387.741362278
197,15546.682545357,14381.012860206
198,15528.519751542,14419.083943716
199,15524.936812941,14365.983266673
200,15524.515685048,14364.771311199
201,15502.679104478,14328.741675501
202,15507.233264814,14407.087834907
203,15492.933818929,14337.251578161
204,15494.800875860,14338.600152997
205,15510.005004916,14420.709925549
206,15487.205961212,14320.619518601
207,15460.844624184,14320.449432585
208,15464.208374296,14297.326456486
209,15457.771069801,14301.490175646
210,15460.964563410,14300.392986218
211,15446.749575476,14292.732369169
212,15444.555188131,14298.010023130
213,15435.557914023,14276.328920104
214,15421.699168827,14246.963461353
215,15419.479622844,14233.871373843
216,15426.609125034,14252.620867868
217,15406.989141121,14268.381312645
218,15424.126731611,14256.485633915
219,15407.220886585,14250.860519468
220,15394.334256859,14229.365958703
221,15395.696174815,14183.458895528
222,15385.607292877,14297.411984387
223,15362.277951560,14197.300766191
224,15365.425998749,14201.855188657
225,15354.956162302,14189.915574402
226,15351.988738940,14185.448414611
227,15346.505273036,14239.435765227
228,15335.653186165,14180.639203450
229,15334.180355706,14174.895793177
230,15331.083832335,14184.941065921
231,15326.690410224,14163.043706631
232,15311.725489320,14134.076860062
233,15335.134953973,14166.060662828
234,15302.066627938,14240.755842810
235,15316.431182411,14142.715593678
236,15290.635043346,14161.270034214
237,15287.181204755,14115.940445499
238,15274.227768344,14186.062144613
239,15274.506166771,14103.608869025
240,15275.636026455,14122.648250771
241,15268.040173385,14133.351905840
242,15247.923228171,14146.906768022
243,15255.831843775,14126.553838184
244,15236.607560997,14128.116368302
245,15232.671552418,14091.527310621
246,15232.100411118,14085.696956920
247,15220.113459648,14144.024913261
248,15268.637858611,14067.694704125
249,15245.165966574,14090.819764360
250,15217.517472518,14073.006951137
251,15207.214138886,14076.657195692
252,15205.008222361,14038.418911430
253,15222.543927071,14115.609507517
254,15205.438198230,14071.028105725
255,15200.799088390,14057.085232749
256,15189.676333899,14129.999963859
257,15179.317499330,14079.051687789
258,15169.445392796,14051.804838088
259,15161.865135401,14054.820330571
260,15164.276879078,14076.270955811
261,15187.301099294,14045.291393601
262,15150.526231120,14066.192836835
263,15157.712619537,14036.089208269
264,15157.802663330,14033.769293321
265,15146.038788095,14053.513522793
266,15159.735454464,14207.443415093
267,15144.133970864,13998.509264167
268,15126.497542229,14021.884824354
269,15117.076012155,14029.591864640
270,15124.708106176,14001.930277805
271,15156.119224238,13987.986772359
272,15112.317588703,14051.390920152
273,15126.271963536,13992.046375048
274,15115.288810439,14007.700233712
275,15102.777504692,14011.530677766
276,15102.422691930,13994.309548477
277,15094.056528734,13984.301007132
278,15104.697604790,13961.602158828
279,15098.928277773,13951.787183163
280,15094.668424345,13976.479501976
281,15099.426088122,13910.745464293
282,15077.996067566,13952.321643697
283,15068.566225757,13996.128096087
284,15058.394360533,14011.653069584
285,15057.298954330,13959.080486218
286,15053.818661185,13952.476713088
287,15050.445616230,13951.259023227
288,15068.799579945,13921.630854857
289,15065.846992582,13922.656490941
290,15077.074760926,13910.335208655
291,15036.918982930,13984.398660370
292,15036.130351238,13977.891462269
293,15021.138439539,13970.782852255
294,15033.427741532,13922.865506939
295,15018.854097775,14060.355628373
296,15034.960273483,13927.930850039
297,15022.163642864,14011.805229616
298,15043.785190812,14020.431705378
299,15023.841808919,13917.837106062
